{
    "$schema": "https://schema.management.azure.com/schemas/2019-04-01/deploymentTemplate.json#",
    "contentVersion": "1.0.0.0",
    "parameters": {
        "accountName": {
            "type": "string",
            "defaultValue": "[concat('cosmos-', uniqueString(resourceGroup().id))]",
            "metadata": {
                "description": "Cosmos DB account name"
            }
        },
        "location": {
            "type": "string",
            "defaultValue": "[resourceGroup().location]",
            "metadata": {
                "description": "Location for the Cosmos DB account."
            }
        },
        "databaseName": {
            "type": "string",
			"defaultValue": "smartfhir-demo-db",
            "metadata": {
                "description": "The name for the Core (SQL) database"
            }
        },
        "containerName": {
            "type": "string",
			"defaultValue": "smartfhir-demo-container",
            "metadata": {
                "description": "The name for the Core (SQL) database container"
            }
        },
		"throughput": {
			"type": "int",
			"defaultValue": 400,
			"minValue": 400,
			"maxValue": 1000000,
			"metadata": {
				"description": "The throughput for the container"
			}
		}
    },
    "variables": {
        "accountName": "[toLower(parameters('accountName'))]",
		"databaseName": "[toLower(parameters('databaseName'))]",
		"containerName": "[toLower(parameters('containerName'))]"
    },
    "resources": [
        {
            "type": "Microsoft.DocumentDB/databaseAccounts",
            "apiVersion": "2021-01-15",
            "name": "[variables('accountName')]",
            "location": "[parameters('location')]",
            "properties": {
                "enableFreeTier": false,
                "databaseAccountOfferType": "Standard",
                "consistencyPolicy": {
                    "defaultConsistencyLevel": "Session"
                },
                "locations": [
                    {
                        "locationName": "[parameters('location')]"
                    }
                ]
            }
        },
        {
            "type": "Microsoft.DocumentDB/databaseAccounts/sqlDatabases",
            "apiVersion": "2021-01-15",
            "name": "[concat(variables('accountName'), '/', variables('databaseName'))]",
            "dependsOn": [ "[resourceId('Microsoft.DocumentDB/databaseAccounts', variables('accountName'))]" ],
            "properties": {
                "resource": {
                    "id": "[variables('databaseName')]"
                },
                "options": {"throughput": "[parameters('throughput')]"}
            }
        },
		{
		  "type": "Microsoft.DocumentDB/databaseAccounts/sqlDatabases/containers",
		  "apiVersion": "2021-01-15",
		  "name": "[concat(variables('accountName'), '/', variables('databaseName'), '/', variables('containerName'))]",
		  "dependsOn": [ "[resourceId('Microsoft.DocumentDB/databaseAccounts/sqlDatabases', variables('accountName'), variables('databaseName'))]" ],
		  "properties": {
			"resource": {
			  "id": "[variables('containerName')]",
			  "partitionKey": {
				"paths": [
				  "/token_id"
				],
				"kind": "Hash"
			  },
			  "defaultTtl": 604800,
			  "uniqueKeyPolicy": {
				"uniqueKeys": [
				  {
					"paths": [
					  "/refreshTokenId"
					]
				  }
				]
			  }
			},
			"options": {"throughput": "[parameters('throughput')]"}
		  }
		}
    ]
}